{
  "name": "Form Type 1",
  "description": "Contract partner change form",
  "empty_form_file": "forms/empty_form.pdf",
  "output_file": "output/filled_form.pdf",
  "temp_overlay_file": "temp_overlay.pdf",
  "font_size": 10,
  "font_path": "fonts/AdobeClean-SemiLight.ttf",
  "default_letter_spacing": 13,

  "field_config": {
    "vorname1": {
      "y_coord": 333.0,
      "tolerance": 10
    },
    "vorname2": {
      "y_coord": 429.0,
      "tolerance": 10
    },
    "name1": {
      "prefix": "name1_"
    },
    "name2": {
      "prefix": "name2_"
    },
    "x1": {
      "exact_key": "x1"
    },
    "x2": {
      "exact_key": "x2"
    },
    "ID": {
      "exact_key": "id_field"
    }
  },
  "datum_identifiers": {
    "datum1": {
      "contains": ".",
      "not_equals": "date_field",
      "contains_also": "20"
    },
    "datum2": {
      "exact_key": "date_field"
    }
  },
  "field_coordinates": {
    "Vorname:": {
      "x0": 78.0,
      "y0": 427.65844824999994,
      "x1": 117.07217474324999,
      "y1": 436.65919825,
      "page": 0
    },
    "L": {
      "x0": 161.734,
      "y0": 333.05328999999995,
      "x1": 167.857,
      "y1": 340.25828999999993,
      "page": 0
    },
    "u": {
      "x0": 175.06380000000001,
      "y0": 333.05328999999995,
      "x1": 181.1868,
      "y1": 340.25828999999993,
      "page": 0
    },
    "k": {
      "x0": 188.39360000000002,
      "y0": 333.05328999999995,
      "x1": 194.5166,
      "y1": 340.25828999999993,
      "page": 0
    },
    "a": {
      "x0": 201.72340000000003,
      "y0": 333.05328999999995,
      "x1": 207.84640000000002,
      "y1": 340.25828999999993,
      "page": 0
    },
    "s": {
      "x0": 215.0532,
      "y0": 333.05328999999995,
      "x1": 221.1762,
      "y1": 340.25828999999993,
      "page": 0
    },
    "S": {
      "x0": 160.804,
      "y0": 429.04328999999996,
      "x1": 166.927,
      "y1": 436.24828999999994,
      "page": 0
    },
    "i": {
      "x0": 173.84720000000002,
      "y0": 429.04328999999996,
      "x1": 179.9702,
      "y1": 436.24828999999994,
      "page": 0
    },
    "m": {
      "x0": 186.8904,
      "y0": 429.04328999999996,
      "x1": 193.0134,
      "y1": 436.24828999999994,
      "page": 0
    },
    "o": {
      "x0": 199.9336,
      "y0": 429.04328999999996,
      "x1": 206.0566,
      "y1": 436.24828999999994,
      "page": 0
    },
    "n": {
      "x0": 212.9768,
      "y0": 429.04328999999996,
      "x1": 219.0998,
      "y1": 436.24828999999994,
      "page": 0
    },
    "Datum": {
      "x0": 78.0,
      "y0": 444.69834825,
      "x1": 104.50570562475,
      "y1": 453.69909825,
      "page": 0
    },
    "20.03.2025": {
      "x0": 163.611,
      "y0": 356.45858999999996,
      "x1": 201.911616,
      "y1": 364.11258999999995,
      "page": 0
    },
    "(TTMMJJJJ)": {
      "x0": 77.99999805,
      "y0": 455.0183579475422,
      "x1": 128.0069937998251,
      "y1": 464.0191077225235,
      "page": 0
    },
    "date_field": {
      "x0": 162.36,
      "y0": 452.23534,
      "x1": 188.84116800000004,
      "y1": 459.03934,
      "page": 0
    },
    "x1": {
      "x0": 97.5425,
      "y0": 532.6435899999999,
      "x1": 102.3695,
      "y1": 538.2975899999999,
      "page": 0
    },
    "x2": {
      "x0": 97.5425,
      "y0": 532.6435899999999,
      "x1": 102.3695,
      "y1": 507.2975899999999,
      "page": 0
    },
    "name1_F": {
      "x0": 162.36,
      "y0": 408.39529,
      "x1": 168.483,
      "y1": 320.60029,
      "page": 0
    },
    "name1_i": {
      "x0": 173.8472,
      "y0": 193.0,
      "x1": 179.9702,
      "y1": 320.0,
      "page": 0
    },
    "name1_s": {
      "x0": 188.4464,
      "y0": 193.0,
      "x1": 194.5694,
      "y1": 320.0,
      "page": 0
    },
    "name1_c": {
      "x0": 201.4896,
      "y0": 193.0,
      "x1": 207.6126,
      "y1": 320.0,
      "page": 0
    },
    "name1_h": {
      "x0": 214.5328,
      "y0": 193.0,
      "x1": 220.6558,
      "y1": 320.0,
      "page": 0
    },
    "name1_e": {
      "x0": 227.576,
      "y0": 193.0,
      "x1": 233.699,
      "y1": 320.0,
      "page": 0
    },
    "name1_r": {
      "x0": 240.6192,
      "y0": 193.0,
      "x1": 246.7422,
      "y1": 320.0,
      "page": 0
    },
    "name2_F": {
      "x0": 162.36,
      "y0": 408.39529,
      "x1": 168.483,
      "y1": 413.60029,
      "page": 0
    },
    "name2_i": {
      "x0": 173.8472,
      "y0": 408.39529,
      "x1": 179.9702,
      "y1": 413.60029,
      "page": 0
    },
    "name2_s": {
      "x0": 188.4464,
      "y0": 408.39529,
      "x1": 194.5694,
      "y1": 413.60029,
      "page": 0
    },
    "name2_c": {
      "x0": 201.4896,
      "y0": 408.39529,
      "x1": 207.6126,
      "y1": 413.60029,
      "page": 0
    },
    "name2_h": {
      "x0": 214.5328,
      "y0": 408.39529,
      "x1": 220.6558,
      "y1": 413.60029,
      "page": 0
    },
    "name2_e": {
      "x0": 227.576,
      "y0": 408.39529,
      "x1": 233.699,
      "y1": 413.60029,
      "page": 0
    },
    "name2_r": {
      "x0": 240.6192,
      "y0": 408.39529,
      "x1": 246.7422,
      "y1": 413.60029,
      "page": 0
    },
    "id_field": {
      "x0": 390.12225734274966,
      "y0": 100.37844825000025,
      "x1": 485.1799398367496,
      "y1": 120.3791982500003,
      "page": 0
    }
  }
}