{
  "name": "filled_form1",
  "description": "Generated by PDF Field Mapper",
  "empty_form_file": "C:/Users/divya.eesarla/Desktop/VODAFONE/forms/empty_form.pdf",
  
  "output_file": "output/filled_form.pdf",
  "temp_overlay_file": "temp_overlay.pdf",
  "font_size": 10,
  "font_path": "fonts/AdobeClean-SemiLight.ttf",
  "default_letter_spacing": 13,
  "field_config": {
    "Name": {
      "prefix": "new_"
    },
    "Vorname": {
      "prefix": "new_"
    },
    "Datum": {
      "prefix": "new_"
    },
    "Oldname": {
      "prefix": "new_"
    },
    "OldVorname": {
      "prefix": "new_"
    },
    "OldDatum": {
      "prefix": "new_"
    },
    "ID": {
      "prefix": "new_"
    }
  },
  "field_coordinates": {
    "old_A": {
      "x0": 156.0,
      "y0": 308.0,
      "x1": 166.77142857142857,
      "y1": 324.0,
      "page": 0
    },
    "old_B": {
      "x0": 166.77142857142857,
      "y0": 308.0,
      "x1": 177.54285714285714,
      "y1": 324.0,
      "page": 0
    },
    "old_C": {
      "x0": 177.54285714285714,
      "y0": 308.0,
      "x1": 188.31428571428572,
      "y1": 324.0,
      "page": 0
    },
    "old_D": {
      "x0": 188.31428571428572,
      "y0": 308.0,
      "x1": 199.0857142857143,
      "y1": 324.0,
      "page": 0
    },
    "old_E": {
      "x0": 199.0857142857143,
      "y0": 308.0,
      "x1": 209.85714285714286,
      "y1": 324.0,
      "page": 0
    },
    "old_F": {
      "x0": 209.85714285714286,
      "y0": 308.0,
      "x1": 220.62857142857143,
      "y1": 324.0,
      "page": 0
    },
    "old_G": {
      "x0": 220.62857142857143,
      "y0": 308.0,
      "x1": 231.4,
      "y1": 324.0,
      "page": 0
    },
    "old_H": {
      "x0": 231.4,
      "y0": 308.0,
      "x1": 242.17142857142858,
      "y1": 324.0,
      "page": 0
    },
    "old_I": {
      "x0": 242.17142857142858,
      "y0": 308.0,
      "x1": 252.94285714285715,
      "y1": 324.0,
      "page": 0
    },
    "old_J": {
      "x0": 252.94285714285715,
      "y0": 308.0,
      "x1": 263.7142857142857,
      "y1": 324.0,
      "page": 0
    },
    "old_K": {
      "x0": 263.7142857142857,
      "y0": 308.0,
      "x1": 274.48571428571427,
      "y1": 324.0,
      "page": 0
    },
    "old_L": {
      "x0": 274.48571428571427,
      "y0": 308.0,
      "x1": 285.25714285714287,
      "y1": 324.0,
      "page": 0
    },
    "old_M": {
      "x0": 285.25714285714287,
      "y0": 308.0,
      "x1": 296.02857142857147,
      "y1": 324.0,
      "page": 0
    },
    "old_N": {
      "x0": 296.02857142857147,
      "y0": 308.0,
      "x1": 306.8,
      "y1": 324.0,
      "page": 0
    },
    "old_O": {
      "x0": 306.8,
      "y0": 308.0,
      "x1": 317.57142857142856,
      "y1": 324.0,
      "page": 0
    },
    "old_P": {
      "x0": 317.57142857142856,
      "y0": 308.0,
      "x1": 328.34285714285716,
      "y1": 324.0,
      "page": 0
    },
    "old_Q": {
      "x0": 328.34285714285716,
      "y0": 308.0,
      "x1": 339.11428571428576,
      "y1": 324.0,
      "page": 0
    },
    "old_R": {
      "x0": 339.11428571428576,
      "y0": 308.0,
      "x1": 349.8857142857143,
      "y1": 324.0,
      "page": 0
    },
    "old_S": {
      "x0": 349.8857142857143,
      "y0": 308.0,
      "x1": 360.65714285714284,
      "y1": 324.0,
      "page": 0
    },
    "old_T": {
      "x0": 360.65714285714284,
      "y0": 308.0,
      "x1": 371.42857142857144,
      "y1": 324.0,
      "page": 0
    },
    "old_U": {
      "x0": 371.42857142857144,
      "y0": 308.0,
      "x1": 382.20000000000005,
      "y1": 324.0,
      "page": 0
    },
    "old_V": {
      "x0": 382.20000000000005,
      "y0": 308.0,
      "x1": 392.9714285714286,
      "y1": 324.0,
      "page": 0
    },
    "old_W": {
      "x0": 392.9714285714286,
      "y0": 308.0,
      "x1": 403.74285714285713,
      "y1": 324.0,
      "page": 0
    },
    "old_X": {
      "x0": 403.74285714285713,
      "y0": 308.0,
      "x1": 414.51428571428573,
      "y1": 324.0,
      "page": 0
    },
    "old_Y": {
      "x0": 414.51428571428573,
      "y0": 308.0,
      "x1": 425.28571428571433,
      "y1": 324.0,
      "page": 0
    },
    "old_Z": {
      "x0": 425.28571428571433,
      "y0": 308.0,
      "x1": 436.0571428571429,
      "y1": 324.0,
      "page": 0
    },
    "old_[": {
      "x0": 436.0571428571429,
      "y0": 308.0,
      "x1": 446.8285714285714,
      "y1": 324.0,
      "page": 0
    },
    "old_\\": {
      "x0": 446.8285714285714,
      "y0": 308.0,
      "x1": 457.6,
      "y1": 324.0,
      "page": 0
    },
    "old_]": {
      "x0": 457.6,
      "y0": 308.0,
      "x1": 468.3714285714286,
      "y1": 324.0,
      "page": 0
    },
    "old_^": {
      "x0": 468.3714285714286,
      "y0": 308.0,
      "x1": 479.14285714285717,
      "y1": 324.0,
      "page": 0
    },
    "old__": {
      "x0": 479.14285714285717,
      "y0": 308.0,
      "x1": 489.9142857142857,
      "y1": 324.0,
      "page": 0
    },
    "old_`": {
      "x0": 489.9142857142857,
      "y0": 308.0,
      "x1": 500.6857142857143,
      "y1": 324.0,
      "page": 0
    },
    "old_a": {
      "x0": 500.6857142857143,
      "y0": 308.0,
      "x1": 511.4571428571429,
      "y1": 324.0,
      "page": 0
    },
    "old_b": {
      "x0": 511.4571428571429,
      "y0": 308.0,
      "x1": 522.2285714285715,
      "y1": 324.0,
      "page": 0
    },
    "old_c": {
      "x0": 522.2285714285715,
      "y0": 308.0,
      "x1": 533.0,
      "y1": 324.0,
      "page": 0
    },
    "new_A": {
      "x0": 385.0,
      "y0": 110.0,
      "x1": 451.0,
      "y1": 127.0,
      "page": 0
    },
    "new_B": {
      "x0": 164.0,
      "y0": 328.0,
      "x1": 175.0,
      "y1": 344.0,
      "page": 0
    },
    "new_C": {
      "x0": 175.0,
      "y0": 328.0,
      "x1": 186.0,
      "y1": 344.0,
      "page": 0
    },
    "new_D": {
      "x0": 186.0,
      "y0": 328.0,
      "x1": 197.0,
      "y1": 344.0,
      "page": 0
    },
    "new_E": {
      "x0": 197.0,
      "y0": 328.0,
      "x1": 208.0,
      "y1": 344.0,
      "page": 0
    },
    "new_F": {
      "x0": 208.0,
      "y0": 328.0,
      "x1": 219.0,
      "y1": 344.0,
      "page": 0
    },
    "new_G": {
      "x0": 219.0,
      "y0": 328.0,
      "x1": 230.0,
      "y1": 344.0,
      "page": 0
    },
    "new_H": {
      "x0": 230.0,
      "y0": 328.0,
      "x1": 241.0,
      "y1": 344.0,
      "page": 0
    },
    "new_I": {
      "x0": 241.0,
      "y0": 328.0,
      "x1": 252.0,
      "y1": 344.0,
      "page": 0
    },
    "new_J": {
      "x0": 252.0,
      "y0": 328.0,
      "x1": 263.0,
      "y1": 344.0,
      "page": 0
    },
    "new_K": {
      "x0": 263.0,
      "y0": 328.0,
      "x1": 274.0,
      "y1": 344.0,
      "page": 0
    },
    "new_L": {
      "x0": 274.0,
      "y0": 328.0,
      "x1": 285.0,
      "y1": 344.0,
      "page": 0
    },
    "new_M": {
      "x0": 285.0,
      "y0": 328.0,
      "x1": 296.0,
      "y1": 344.0,
      "page": 0
    },
    "new_N": {
      "x0": 296.0,
      "y0": 328.0,
      "x1": 307.0,
      "y1": 344.0,
      "page": 0
    },
    "new_O": {
      "x0": 307.0,
      "y0": 328.0,
      "x1": 318.0,
      "y1": 344.0,
      "page": 0
    },
    "new_P": {
      "x0": 318.0,
      "y0": 328.0,
      "x1": 329.0,
      "y1": 344.0,
      "page": 0
    },
    "new_Q": {
      "x0": 329.0,
      "y0": 328.0,
      "x1": 340.0,
      "y1": 344.0,
      "page": 0
    },
    "new_R": {
      "x0": 340.0,
      "y0": 328.0,
      "x1": 351.0,
      "y1": 344.0,
      "page": 0
    },
    "new_S": {
      "x0": 351.0,
      "y0": 328.0,
      "x1": 362.0,
      "y1": 344.0,
      "page": 0
    },
    "new_T": {
      "x0": 362.0,
      "y0": 328.0,
      "x1": 373.0,
      "y1": 344.0,
      "page": 0
    },
    "new_U": {
      "x0": 373.0,
      "y0": 328.0,
      "x1": 384.0,
      "y1": 344.0,
      "page": 0
    },
    "new_V": {
      "x0": 384.0,
      "y0": 328.0,
      "x1": 395.0,
      "y1": 344.0,