{
    "name": "Vodafone Widerrufsformular",
    "description": "Configuration for Vodafone cancellation form",
    "empty_form_file": "forms/empty_form3.pdf",
    "output_file": "output/filled_form3.pdf",
    "temp_overlay_file": "temp_overlay.pdf",
    "font_size": 10,
    "font_path": "fonts/AdobeClean-SemiLight.ttf",
    "default_letter_spacing": 13,
    
    "field_config": {
      "vorname": {
        "prefix": "vorname_"
      },
      "name": {
        "prefix": "name_"
      },
      "strasse": {
        "prefix": "strasse_"
      },
      "hausnummer": {
        "exact_key": "hausnummer"
      },
      "postleitzahl": {
        "prefix": "plz_"
      },
      "ort": {
        "prefix": "ort_"
      },
      "ID": {
        "exact_key": "id_field",
        "no_auto_detect": true 
      },
      "datum": {
        "exact_key": "datum"
      },
      "bestellt_am": {
        "exact_key": "bestellt_am"
      },
      "produkt": {
        "exact_key": "produkt"
      }
    },
    
    "field_coordinates": {
      "vorname_A": {
        "x0": 162.047,
        "y0": 413.66428999999994,
        "x1": 167.15,
        "y1": 422.16929,
        "page": 0
      },
      "vorname_n": {
        "x0": 173.2274,
        "y0": 413.66428999999994,
        "x1": 178.3304,
        "y1": 422.16929,
        "page": 0
      },
      "vorname_n2": {
        "x0": 184.4078,
        "y0": 413.66428999999994,
        "x1": 189.51080000000002,
        "y1": 422.16929,
        "page": 0
      },
      "vorname_a": {
        "x0": 195.5882,
        "y0": 413.66428999999994,
        "x1": 200.6912,
        "y1": 422.16929,
        "page": 0
      },
      
      "name_K": {
        "x0": 162.368,
        "y0": 432.04528999999997,
        "x1": 168.49099999999999,
        "y1": 442.25028999999995,
        "page": 0
      },
      "name_o": {
        "x0": 174.5131,
        "y0": 432.04528999999997,
        "x1": 180.6361,
        "y1": 442.25028999999995,
        "page": 0
      },
      "name_c": {
        "x0": 186.6582,
        "y0": 432.04528999999997,
        "x1": 192.78119999999998,
        "y1": 442.25028999999995,
        "page": 0
      },
      "name_h": {
        "x0": 198.80329999999998,
        "y0": 432.04528999999997,
        "x1": 204.92629999999997,
        "y1": 442.25028999999995,
        "page": 0
      },
      
      "strasse_S": {
        "x0": 161.734,
        "y0": 474.70428999999996,
        "x1": 166.83700000000002,
        "y1": 483.20929,
        "page": 0
      },
      "strasse_c": {
        "x0": 175.75660000000002,
        "y0": 474.70428999999996,
        "x1": 180.85960000000003,
        "y1": 483.20929,
        "page": 0
      },
      "strasse_h": {
        "x0": 189.7792,
        "y0": 474.70428999999996,
        "x1": 194.8822,
        "y1": 483.20929,
        "page": 0
      },
      "strasse_m": {
        "x0": 203.80180000000001,
        "y0": 474.70428999999996,
        "x1": 208.90480000000002,
        "y1": 483.20929,
        "page": 0
      },
      "strasse_i": {
        "x0": 217.82440000000003,
        "y0": 474.70428999999996,
        "x1": 222.92740000000003,
        "y1": 483.20929,
        "page": 0
      },
      "strasse_e": {
        "x0": 231.84700000000004,
        "y0": 474.70428999999996,
        "x1": 236.95000000000005,
        "y1": 483.20929,
        "page": 0
      },
      "strasse_d": {
        "x0": 245.86960000000002,
        "y0": 474.70428999999996,
        "x1": 250.97260000000003,
        "y1": 483.20929,
        "page": 0
      },
      "strasse_e2": {
        "x0": 259.8922,
        "y0": 474.70428999999996,
        "x1": 264.9952,
        "y1": 483.20929,
        "page": 0
      },
      "strasse_s": {
        "x0": 273.9148,
        "y0": 474.70428999999996,
        "x1": 279.0178,
        "y1": 483.20929,
        "page": 0
      },
      "strasse_t": {
        "x0": 287.9374,
        "y0": 474.70428999999996,
        "x1": 293.04040000000003,
        "y1": 483.20929,
        "page": 0
      },
      "strasse_r": {
        "x0": 301.96000000000004,
        "y0": 474.70428999999996,
        "x1": 307.06300000000005,
        "y1": 483.20929,
        "page": 0
      },
      "strasse_a": {
        "x0": 315.98260000000005,
        "y0": 474.70428999999996,
        "x1": 321.08560000000006,
        "y1": 483.20929,
        "page": 0
      },
      "strasse_ร": {
        "x0": 330.00520000000006,
        "y0": 474.70428999999996,
        "x1": 335.10820000000007,
        "y1": 483.20929,
        "page": 0
      },
      "strasse_e3": {
        "x0": 344.02780000000007,
        "y0": 474.70428999999996,
        "x1": 349.1308000000001,
        "y1": 483.20929,
        "page": 0
      },
      
      "hausnummer": {
        "x0": 484.578,
        "y0": 472.84816499999994,
        "x1": 494.03556000000003,
        "y1": 481.35316499999993,
        "page": 0
      },
      
      "plz_5": {
        "x0": 162.36,
        "y0": 493.02728999999994,
        "x1": 167.46300000000002,
        "y1": 501.53229,
        "page": 0
      },
      "plz_0": {
        "x0": 175.294,
        "y0": 493.02728999999994,
        "x1": 180.39700000000002,
        "y1": 501.53229,
        "page": 0
      },
      "plz_6": {
        "x0": 188.228,
        "y0": 493.02728999999994,
        "x1": 193.33100000000002,
        "y1": 501.53229,
        "page": 0
      },
      "plz_7": {
        "x0": 201.16200000000003,
        "y0": 493.02728999999994,
        "x1": 206.26500000000004,
        "y1": 501.53229,
        "page": 0
      },
      "plz_7_2": {
        "x0": 214.09600000000003,
        "y0": 493.02728999999994,
        "x1": 219.19900000000004,
        "y1": 501.53229,
        "page": 0
      },
      
      "ort_K": {
        "x0": 257.588,
        "y0": 493.02728999999994,
        "x1": 262.69100000000003,
        "y1": 501.53229,
        "page": 0
      },
      "ort_รถ": {
        "x0": 271.6225,
        "y0": 493.02728999999994,
        "x1": 276.7255,
        "y1": 501.53229,
        "page": 0
      },
      "ort_l": {
        "x0": 285.65700000000004,
        "y0": 493.02728999999994,
        "x1": 290.76000000000005,
        "y1": 501.53229,
        "page": 0
      },
      "ort_n": {
        "x0": 299.6915,
        "y0": 493.02728999999994,
        "x1": 304.7945,
        "y1": 501.53229,
        "page": 0
      },
      
      "id_field": {
        "x0": 78.0,
        "y0": 762.5784482499998,
        "x1": 123.05767349325,
        "y1": 771.5791982499999,
        "page": 0
        },
      
      "datum": {
        "x0": 110.742,
        "y0": 544.1793399999999,
        "x1": 144.789216,
        "y1": 550.98334,
        "page": 0
      },
      
      "bestellt_am": {
        "x0": 255.359,
        "y0": 357.19316499999996,
        "x1": 297.91802000000007,
        "y1": 365.69816499999996,
        "page": 0
      },
      
      "produkt": {
        "x0": 93.8258,
        "y0": 250.2596649999999,
        "x1": 229.38902,
        "y1": 260.46466499999997,
        "page": 0
      }
    },
    
    "datum_identifiers": {
      "datum": {
        "exact_key": "datum"
      },
      "bestellt_am": {
        "exact_key": "bestellt_am"
      }
    }
  }