{
    "name": "Form Type 2",
    "description": "Vodafone Vollmacht form",
    "empty_form_file": "forms/empty_form2.pdf",
    "output_file": "output/filled_form2.pdf",
    "temp_overlay_file": "temp_overlay.pdf",
    "font_size": 12,
    "default_font": "Helvetica",
    "font_path": "fonts/calibri.ttf",
    "default_letter_spacing": 13,
    "field_config": {
      "name1": {
        "prefix": "name1_"
      },
      "name2": {
        "prefix": "name2_"
      },
      "vorname1": {
        "prefix": "vorname1_"
      }
    },
    "field_coordinates": {
      "name1_F": {
        "x0": 153.36,
        "y0": 177.37529,
        "x1": 170.483,
        "y1": 187.58029,
        "page": 0
      },
      "name1_i": {
        "x0": 170.36,
        "y0": 177.37529,
        "x1": 187.483,
        "y1": 187.58029,
        "page": 0
      },
      "name1_s": {
        "x0": 187.36,
        "y0": 177.37529,
        "x1": 204.483,
        "y1": 187.58029,
        "page": 0
      },
      "name1_c": {
        "x0": 204.36,
        "y0": 177.37529,
        "x1": 221.483,
        "y1": 187.58029,
        "page": 0
      },
      "name1_h": {
        "x0": 221.36,
        "y0": 177.37529,
        "x1": 238.483,
        "y1": 187.58029,
        "page": 0
      },
      "name1_e": {
        "x0": 238.36,
        "y0": 177.37529,
        "x1": 255.483,
        "y1": 187.58029,
        "page": 0
      },
      "name1_r": {
        "x0": 255.36,
        "y0": 177.37529,
        "x1": 272.483,
        "y1": 187.58029,
        "page": 0
      },
      "Name:": {
        "x0": 92.16000000000003,
        "y0": 578.7384482499999,
        "x1": 118.72128525600003,
        "y1": 587.73919825,
        "page": 0
      },
      "name2_F": {
        "x0": 162.36,
        "y0": 577.37529,
        "x1": 168.483,
        "y1": 587.58029,
        "page": 0
      },
      "name2_i": {
        "x0": 173.36,
        "y0": 577.37529,
        "x1": 179.483,
        "y1": 587.58029,
        "page": 0
      },
      "name2_s": {
        "x0": 184.36,
        "y0": 577.37529,
        "x1": 190.483,
        "y1": 587.58029,
        "page": 0
      },
      "name2_c": {
        "x0": 195.36,
        "y0": 577.37529,
        "x1": 201.483,
        "y1": 587.58029,
        "page": 0
      },
      "name2_h": {
        "x0": 206.36,
        "y0": 577.37529,
        "x1": 212.483,
        "y1": 587.58029,
        "page": 0
      },
      "name2_e": {
        "x0": 217.36,
        "y0": 567.37529,
        "x1": 223.483,
        "y1": 577.58029,
        "page": 0
      },
      "name2_r": {
        "x0": 228.36,
        "y0": 577.37529,
        "x1": 234.483,
        "y1": 587.58029,
        "page": 0
      },
      "Vorname:": {
        "x0": 92.16,
        "y0": 598.65844825,
        "x1": 131.232183744,
        "y1": 607.6591982499999,
        "page": 0
      },
      "vorname1_S": {
        "x0": 153.601,
        "y0": 202.82729000000006,
        "x1": 159.724,
        "y1": 213.03229,
        "page": 0
      },
      "vorname1_i": {
        "x0": 169.9295,
        "y0": 202.82729000000006,
        "x1": 176.0525,
        "y1": 213.03229,
        "page": 0
      },
      "vorname1_m": {
        "x0": 186.258,
        "y0": 202.82729000000006,
        "x1": 192.381,
        "y1": 213.03229,
        "page": 0
      },
      "vorname1_o": {
        "x0": 202.5865,
        "y0": 202.82729000000006,
        "x1": 208.7095,
        "y1": 213.03229,
        "page": 0
      },
      "vorname1_n": {
        "x0": 218.915,
        "y0": 202.82729000000006,
        "x1": 225.038,
        "y1": 213.03229,
        "page": 0
      }
    }
  }